NumCad,NomFun,ValSal,NomCcu,DatNas,DatAdm
1,Vitor Duarte,1400.0,Finaceiro,11/08/1985,26/08/2021
2,Dr. Luigi Martins,8000.0,TECH,29/08/1983,28/11/2015
3,Srta. Clara Melo,1800.0,TECH,31/12/1995,23/03/2020
4,Lucas Gabriel Mendes,10000.0,Finaceiro,20/07/1993,13/01/2021
5,Laura Cardoso,5000.0,TECH,20/03/1975,19/03/2014
6,Jo�o Lucas da Cruz,3300.0,TECH,26/11/2000,17/12/2020
7,Lav�nia Nogueira,3300.0,Recursos Humanos,17/12/1964,21/12/2022
8,Yasmin Teixeira,5000.0,TECH,14/09/1977,10/01/2017
9,Jo�o Felipe Silveira,3300.0,Finaceiro,01/03/1964,30/08/2019
10,Diogo Pinto,10000.0,Marketing,02/08/1963,16/06/2023
11,Jo�o Vitor Fernandes,3300.0,Finaceiro,30/11/1992,02/08/2021
12,Sra. Lorena Cardoso,3300.0,Recursos Humanos,16/08/1967,31/05/2021
13,Nina da Rosa,5000.0,Finaceiro,26/01/1992,08/07/2019
14,Ian Cardoso,5000.0,Marketing,03/04/1994,23/10/2018
15,Ant�nio Caldeira,5000.0,Departamento Pessoal,08/04/1967,06/11/2019
16,Maria Alice Rodrigues,2500.0,Finaceiro,19/01/1998,18/04/2018
17,Heitor Gon�alves,1800.0,Marketing,14/06/1959,31/08/2015
18,Dr. Ant�nio Duarte,5000.0,Finaceiro,07/07/1960,17/04/2016
19,Dr. Andr� Santos,10000.0,Departamento Pessoal,15/07/1976,23/10/2018
20,Valentina Souza,5000.0,Finaceiro,19/06/1978,04/12/2020
21,Dra. Clarice Arag�o,1800.0,Finaceiro,01/11/1960,30/01/2018
22,Daniel Costa,1800.0,TECH,21/02/1988,30/12/2019
23,Dra. Ana Julia Azevedo,2500.0,Finaceiro,27/03/2005,10/06/2015
24,Nat�lia Campos,1400.0,Recursos Humanos,16/11/2000,29/05/2022
25,Srta. Marina Campos,1800.0,Recursos Humanos,08/11/1990,17/02/2023
26,Sr. Gustavo Henrique Pinto,2500.0,Departamento Pessoal,12/08/1959,11/10/2020
27,Maria Fernanda Ribeiro,3300.0,Marketing,28/02/1979,11/10/2018
28,Sofia da Mota,3300.0,TECH,30/04/1977,11/06/2020
29,Dra. Let�cia Porto,10000.0,TECH,06/10/1978,04/01/2024
30,Luiz Felipe Foga�a,8000.0,Recursos Humanos,30/01/1995,22/10/2014
31,Anthony Ramos,8000.0,Marketing,04/02/1999,26/07/2016
32,Bruno da Cunha,2500.0,TECH,06/03/1969,03/04/2014
33,Sra. Isis da Concei��o,2500.0,Departamento Pessoal,24/08/1965,27/04/2022
34,Pietra Sales,1400.0,Marketing,06/03/1981,20/09/2023
35,Evelyn Costa,3300.0,TECH,23/01/1998,17/05/2019
36,Samuel Moura,8000.0,Finaceiro,21/02/1982,30/06/2014
37,Alana Barros,5000.0,Finaceiro,20/07/1981,27/12/2022
38,Sr. Ant�nio Viana,10000.0,Marketing,30/06/1993,03/02/2021
39,Jo�o Felipe Gomes,2500.0,TECH,30/05/2004,05/06/2019
40,Raquel Farias,10000.0,TECH,14/12/1999,06/06/2015
41,Carlos Eduardo Cardoso,10000.0,Marketing,24/04/1963,16/09/2023
42,Yasmin Gomes,5000.0,Recursos Humanos,09/02/1992,28/09/2022
43,Dr. Ot�vio Rocha,2500.0,Marketing,11/01/1960,24/09/2014
44,Lara Silva,8000.0,TECH,05/06/2004,07/06/2014
45,Juliana Correia,5000.0,Departamento Pessoal,06/05/1996,11/03/2015
46,Sr. Ben�cio da Cruz,3300.0,Marketing,29/06/2003,14/02/2018
47,Maria Fernanda Viana,5000.0,Departamento Pessoal,03/07/1978,25/09/2020
48,Breno Campos,2500.0,Recursos Humanos,21/06/1988,26/05/2019
49,Calebe Jesus,3300.0,Recursos Humanos,14/04/1968,19/07/2021
50,Samuel Rocha,2500.0,Finaceiro,29/05/1987,17/08/2016
51,Kevin Pinto,1800.0,Finaceiro,26/07/1996,23/11/2016
52,Maria Luiza Porto,1400.0,Finaceiro,28/02/1988,17/11/2021
53,Ana Carolina Vieira,10000.0,TECH,27/08/1995,10/10/2014
54,Gustavo da Cruz,1800.0,Finaceiro,12/02/1970,03/11/2016
55,Sra. Mait� Melo,1400.0,Departamento Pessoal,17/03/1968,19/05/2020
56,Ana Laura Nogueira,1800.0,TECH,31/08/1960,05/04/2020
57,Enzo Rocha,10000.0,Recursos Humanos,11/01/1985,25/11/2021
58,Thomas Nogueira,1800.0,TECH,03/01/1985,30/03/2015
59,Helo�sa das Neves,3300.0,TECH,08/09/1988,25/03/2017
60,Matheus Lima,5000.0,TECH,09/07/1959,16/02/2024
61,Beatriz Fernandes,8000.0,Finaceiro,28/01/1995,09/09/2021
62,B�rbara Ramos,1400.0,Departamento Pessoal,17/02/1992,27/05/2017
63,Pedro Gon�alves,2500.0,TECH,24/02/1966,07/10/2023
64,Sr. Noah Vieira,5000.0,Recursos Humanos,02/02/1989,10/04/2017
65,Giovanna Pinto,1400.0,TECH,30/06/1969,02/02/2021
66,Pietra Moreira,8000.0,Recursos Humanos,22/08/1999,14/05/2015
67,Dr. Jo�o Guilherme Ara�jo,1800.0,TECH,22/06/2002,21/05/2023
68,Bryan Carvalho,8000.0,Recursos Humanos,29/09/1958,09/09/2016
69,Luana Novaes,5000.0,Marketing,16/07/1967,23/11/2022
70,Dra. Larissa Caldeira,2500.0,Recursos Humanos,23/07/1964,10/12/2020
71,Alexandre Freitas,10000.0,Marketing,30/06/1973,05/03/2015
72,Ana J�lia Teixeira,3300.0,TECH,11/07/1971,06/07/2021
73,Camila Fernandes,2500.0,Departamento Pessoal,10/04/2003,18/07/2014
74,Isis Costa,1400.0,Recursos Humanos,25/02/1989,15/09/2014
75,Gustavo Castro,5000.0,Recursos Humanos,02/10/1972,06/04/2017
76,Luiz Gustavo da Cruz,10000.0,Departamento Pessoal,30/01/1973,28/04/2016
77,Maria Alice Pereira,2500.0,Departamento Pessoal,11/07/1977,06/01/2017
78,Bernardo Azevedo,5000.0,Marketing,05/07/1966,06/07/2017
79,Olivia Campos,3300.0,Recursos Humanos,27/10/1967,17/09/2020
80,Ana Beatriz Souza,3300.0,TECH,26/12/1996,21/07/2016
81,Dra. Maria Sophia Campos,8000.0,Departamento Pessoal,24/02/1990,13/12/2022
82,Ana Jesus,8000.0,Recursos Humanos,28/09/1979,25/11/2017
83,Diogo Cardoso,1800.0,Marketing,03/02/1959,23/10/2020
84,Agatha Barbosa,1800.0,Marketing,03/06/1985,27/11/2023
85,Carolina Arag�o,8000.0,Finaceiro,12/11/1984,17/11/2022
86,Helena da Rosa,8000.0,Marketing,30/11/1988,26/11/2016
87,Andr� Castro,10000.0,Marketing,17/10/1989,09/12/2016
88,Marina Moreira,8000.0,Finaceiro,08/07/2001,12/04/2015
89,Heitor Costa,2500.0,Recursos Humanos,12/03/1987,02/08/2019
90,Kaique Moreira,3300.0,Recursos Humanos,08/02/1995,08/06/2021
91,Davi Luiz Lima,5000.0,Recursos Humanos,26/04/2000,28/03/2017
92,Rafaela Cardoso,10000.0,Finaceiro,27/01/1975,15/01/2017
93,Pietro Santos,1800.0,Recursos Humanos,16/01/1979,23/07/2017
94,Maria Fernanda Foga�a,1800.0,Recursos Humanos,22/02/1963,23/01/2022
95,Ot�vio Castro,5000.0,Finaceiro,08/09/1968,14/11/2014
96,Dra. Caroline Nascimento,1800.0,Marketing,25/11/1978,16/09/2020
97,Sr. Calebe da Mata,10000.0,Recursos Humanos,28/04/1968,25/11/2017
98,Sr. Rodrigo Alves,3300.0,Recursos Humanos,24/04/1985,01/08/2020
99,Mariana Rezende,2500.0,Finaceiro,09/04/1988,20/02/2017
100,Sabrina Caldeira,2500.0,Departamento Pessoal,27/07/2002,02/02/2015
101,Carlos Eduardo Campos,1400.0,Marketing,19/04/1978,13/11/2014
102,Alexandre Pires,8000.0,TECH,14/11/1963,19/01/2020
103,Nicole Vieira,5000.0,Recursos Humanos,20/05/1965,17/05/2018
104,Sr. Levi Teixeira,10000.0,Marketing,06/10/1960,03/11/2018
105,Leandro Dias,8000.0,Finaceiro,06/01/1981,03/06/2015
106,Dr. Vitor Hugo Rodrigues,1400.0,Recursos Humanos,17/03/1997,08/07/2016
107,Jo�o Guilherme Foga�a,2500.0,TECH,18/12/1977,28/04/2019
108,Vitor Hugo Foga�a,3300.0,TECH,20/02/1970,22/12/2023
109,Bruno Ribeiro,2500.0,Marketing,23/11/1963,18/04/2018
110,Sr. Benjamin Novaes,8000.0,Marketing,23/01/2004,13/01/2023
111,Sr. Daniel Cardoso,1400.0,Marketing,06/12/1983,22/01/2021
112,Diego Pinto,3300.0,TECH,21/07/1993,30/06/2023
113,Luna Mendes,3300.0,TECH,02/03/1993,21/03/2019
114,Leandro Silveira,1400.0,Marketing,01/01/1976,20/03/2019
115,Dr. Eduardo da Cunha,3300.0,Recursos Humanos,05/05/2003,27/10/2019
116,Carlos Eduardo Ara�jo,5000.0,Recursos Humanos,20/09/1960,18/09/2022
117,Isis Pinto,1400.0,Departamento Pessoal,30/09/1973,14/03/2021
118,Ben�cio Pereira,5000.0,Marketing,13/01/1962,08/08/2019
119,Pedro Lucas Cunha,1800.0,Finaceiro,15/11/1980,29/07/2015
120,Maria Eduarda Farias,1400.0,Finaceiro,07/02/1978,02/04/2017
121,Marina Silveira,1800.0,TECH,15/08/1962,16/10/2019
122,Dra. Alexia Cunha,5000.0,Marketing,18/09/2001,10/09/2022
123,Caio Arag�o,8000.0,Departamento Pessoal,18/10/1983,23/07/2018
124,Sr. Gabriel Ferreira,8000.0,Finaceiro,19/03/1998,25/05/2021
125,Bruna da Mata,3300.0,Departamento Pessoal,21/09/1967,28/03/2015
126,Isaac Vieira,10000.0,Departamento Pessoal,13/06/1991,08/08/2020
127,Miguel Freitas,5000.0,Departamento Pessoal,15/01/1989,07/02/2020
128,Srta. Evelyn Lima,2500.0,Finaceiro,03/08/1987,18/02/2015
129,Lorenzo Vieira,1800.0,Recursos Humanos,30/01/1998,10/04/2021
130,Helo�sa Cardoso,2500.0,Recursos Humanos,22/10/2001,06/10/2023
131,Srta. Pietra Cardoso,10000.0,Recursos Humanos,18/09/1997,23/01/2019
132,Sra. L�via da Mata,3300.0,Recursos Humanos,27/12/1996,25/11/2018
133,Al�cia Ribeiro,1800.0,Recursos Humanos,11/01/1982,13/07/2023
134,Dra. Gabriela Teixeira,3300.0,Marketing,02/04/1972,22/02/2020
135,Bianca Freitas,2500.0,Recursos Humanos,01/10/1996,11/03/2014
136,Caroline Souza,1400.0,Departamento Pessoal,05/06/1974,17/10/2018
137,Jo�o Costela,3300.0,TECH,22/08/1963,24/12/2023
138,Dra. Maria Luiza Costa,8000.0,Finaceiro,24/03/1965,17/12/2015
139,Caio Caldeira,8000.0,Recursos Humanos,17/07/1994,03/04/2018
140,Bruna Rocha,1800.0,Departamento Pessoal,16/01/1986,06/02/2022
141,Raquel Alves,1800.0,Finaceiro,22/11/1996,20/07/2023
142,Alexandre Ribeiro,1800.0,Finaceiro,08/02/1991,15/04/2017
143,Ant�nio da Concei��o,1400.0,Departamento Pessoal,06/04/1967,13/05/2018
144,Maria Fernanda da Luz,3300.0,Departamento Pessoal,22/06/1967,01/11/2017
145,Isabella Ribeiro,3300.0,Departamento Pessoal,17/06/1982,09/11/2015
146,Cec�lia Novaes,2500.0,Finaceiro,25/01/1999,27/02/2022
147,Jo�o Guilherme Alves,2500.0,Recursos Humanos,21/07/1998,25/01/2023
148,Dra. Bruna Carvalho,5000.0,Marketing,21/02/2003,20/11/2014
149,Let�cia Barros,8000.0,Marketing,26/08/1991,27/05/2015
150,Luana Azevedo,1400.0,TECH,27/06/1988,29/03/2023
151,Marcelo Nogueira,1800.0,Recursos Humanos,09/04/1971,04/11/2017
152,Fernanda Caldeira,5000.0,TECH,04/11/1998,07/10/2023
153,Mait� Rodrigues,10000.0,TECH,04/09/1979,20/07/2019
154,Luna Fernandes,8000.0,Recursos Humanos,15/09/1977,19/01/2018
155,Jo�o Lucas Cavalcanti,2500.0,TECH,22/08/1999,27/04/2019
156,Dr. Ben�cio da Concei��o,8000.0,TECH,04/10/1969,10/10/2015
157,Beatriz Vieira,2500.0,TECH,28/07/1984,31/10/2016
158,Maria Cec�lia Rocha,2500.0,Recursos Humanos,07/08/1980,18/11/2018
159,Gabriela Silveira,10000.0,Marketing,04/08/1977,02/09/2017
160,Stephany da Cunha,2500.0,Departamento Pessoal,22/02/1988,27/09/2021
161,Vitor Monteiro,1800.0,Marketing,05/08/1961,20/01/2024
162,Dra. Let�cia Melo,2500.0,Departamento Pessoal,06/10/1971,14/02/2017
163,Emilly Monteiro,8000.0,Recursos Humanos,16/02/1975,08/11/2020
164,Stephany Jesus,1400.0,Recursos Humanos,05/11/1966,02/10/2015
165,Gabrielly Oliveira,10000.0,TECH,17/09/1976,05/07/2018
166,Ana Vit�ria Dias,1800.0,Departamento Pessoal,03/10/1987,26/09/2014
167,Luiz Gustavo Sales,10000.0,Marketing,13/04/1971,23/11/2021
168,Sr. Gustavo Henrique Arag�o,8000.0,Marketing,09/12/1998,18/02/2021
169,Leandro da Paz,8000.0,Finaceiro,22/01/2000,25/03/2014
170,Dra. Agatha Cardoso,10000.0,Finaceiro,23/01/1991,15/03/2014
171,Carolina Souza,10000.0,Recursos Humanos,05/07/1993,29/12/2018
172,Gabriela Caldeira,10000.0,Departamento Pessoal,04/05/1991,12/01/2020
173,Julia Cardoso,8000.0,Finaceiro,03/12/1989,20/05/2018
174,Dr. Noah da Luz,8000.0,Finaceiro,06/08/1960,19/05/2018
175,Ian Cardoso,8000.0,Recursos Humanos,21/11/1973,17/08/2014
176,Jo�o Guilherme Arag�o,3300.0,Departamento Pessoal,09/09/1960,21/06/2023
177,Dra. Alice Almeida,1800.0,TECH,10/10/1976,17/10/2022
178,Sra. Pietra Ara�jo,3300.0,Finaceiro,25/06/1977,15/01/2021
179,Luiz Gustavo Cunha,1400.0,Finaceiro,02/08/1986,02/01/2021
180,Pedro Henrique Moraes,10000.0,Recursos Humanos,01/12/2002,01/01/2022
181,Nicolas da Rocha,3300.0,TECH,02/11/1971,08/06/2019
182,Rodrigo Moura,2500.0,Departamento Pessoal,21/09/1967,07/01/2024
183,Joana da Rosa,8000.0,TECH,15/07/1971,08/03/2017
184,Yago Nunes,1400.0,Marketing,20/11/1979,14/10/2015
185,Maria Luiza da Cunha,5000.0,Finaceiro,03/02/1971,25/09/2020
186,Breno Correia,5000.0,Finaceiro,09/05/1966,27/12/2016
187,Vitor Gabriel Caldeira,2500.0,TECH,14/05/2003,19/12/2016
188,Ian Arag�o,8000.0,Marketing,13/10/1985,04/02/2021
189,Jo�o Pedro Oliveira,1400.0,Departamento Pessoal,10/12/1978,26/11/2017
190,Sr. Lucas Gabriel Teixeira,8000.0,TECH,22/06/1993,14/06/2020
191,Dr. Augusto Moraes,5000.0,Departamento Pessoal,03/08/1973,09/10/2017
192,Alana Dias,1400.0,Departamento Pessoal,03/12/2000,26/10/2023
193,Heitor Pires,1400.0,Marketing,26/07/1968,25/08/2016
194,Andr� Pereira,10000.0,Recursos Humanos,05/10/1972,07/04/2017
195,Dra. Valentina Porto,1400.0,Finaceiro,15/06/1985,04/11/2020
196,Rafaela da Rocha,1400.0,Departamento Pessoal,15/07/1992,25/09/2018
197,Dr. Vinicius Correia,2500.0,Marketing,19/10/1962,17/10/2015
198,Maria Sophia Carvalho,2500.0,Recursos Humanos,17/08/1970,03/06/2023
199,Dra. Nina Teixeira,10000.0,Marketing,16/02/1979,22/10/2018
200,Anthony da Cruz,1400.0,Marketing,13/01/1973,11/11/2019
201,J�lia Vieira,1800.0,Finaceiro,08/06/1966,20/02/2021
202,Ana Sophia Ara�jo,1800.0,Marketing,06/11/1993,26/10/2020
203,Dr. Davi Luiz Costa,10000.0,Departamento Pessoal,14/01/2000,21/02/2019
204,Dr. Juan Vieira,10000.0,Marketing,10/12/1998,07/08/2021
205,Gabriel Cavalcanti,2500.0,Recursos Humanos,09/01/1982,31/07/2021
206,Maria Eduarda Ramos,8000.0,TECH,31/07/1963,13/11/2019
207,Henrique Moraes,2500.0,Departamento Pessoal,11/11/1985,26/03/2019
208,Sofia Silveira,5000.0,Recursos Humanos,28/09/1965,21/07/2021
209,Ben�cio Carvalho,10000.0,Recursos Humanos,21/03/1981,14/06/2019
210,Clarice Freitas,3300.0,Departamento Pessoal,17/07/1970,02/09/2021
211,Bernardo Oliveira,2500.0,Marketing,06/12/2004,03/04/2018
212,Sophia Arag�o,2500.0,Departamento Pessoal,04/09/1987,06/04/2022
213,Dra. J�lia Pires,1800.0,Recursos Humanos,26/02/2002,23/01/2017
214,Renan Jesus,1800.0,Finaceiro,01/09/1999,07/01/2019
215,Rafael Dias,1400.0,Finaceiro,01/09/1999,08/02/2021
216,Stephany Pinto,5000.0,Recursos Humanos,31/08/2001,02/12/2021
217,Sr. Marcelo Teixeira,10000.0,Marketing,15/12/1965,20/01/2015
218,Dr. Diego da Paz,2500.0,TECH,17/02/1992,09/01/2015
219,Marcela Lopes,5000.0,Recursos Humanos,10/07/1993,21/07/2023
220,Nathan Pereira,10000.0,Departamento Pessoal,21/08/1958,17/04/2018
221,Srta. Mariana Fernandes,3300.0,Recursos Humanos,11/06/1987,20/11/2019
222,Dr. Lucas Gabriel Porto,2500.0,Marketing,24/01/1966,05/11/2023
223,Jo�o Vitor Mendes,10000.0,Finaceiro,27/04/1999,22/03/2017
224,Sofia Peixoto,1800.0,Departamento Pessoal,20/11/1992,05/02/2015
225,Eduardo Alves,2500.0,Marketing,27/12/1994,07/05/2017
226,Vicente Nogueira,2500.0,Recursos Humanos,03/04/1992,03/07/2018
227,Raquel Oliveira,2500.0,Marketing,03/11/1968,05/12/2021
228,Danilo da Concei��o,5000.0,Recursos Humanos,13/01/1996,22/09/2018
229,Catarina Sales,5000.0,Finaceiro,24/05/1964,30/10/2018
230,Lucas Gabriel Barros,8000.0,Departamento Pessoal,17/07/1979,04/06/2015
231,Nicolas Rezende,1800.0,TECH,10/08/1988,27/04/2020
232,Maysa Novaes,10000.0,Departamento Pessoal,23/08/1972,07/05/2016
233,Francisco Jesus,8000.0,TECH,24/09/1999,10/12/2021
234,Carlos Eduardo Jesus,10000.0,TECH,08/04/1994,17/11/2014
235,Pedro Miguel Rezende,10000.0,Finaceiro,07/04/1981,02/07/2018
236,Clarice Rocha,1400.0,Marketing,30/03/1989,16/02/2022
237,Lucas Carvalho,8000.0,Marketing,29/08/2003,30/06/2022
238,Giovanna Ferreira,8000.0,Marketing,15/03/1981,13/07/2015
239,Emanuelly Barros,1800.0,Departamento Pessoal,04/11/2002,06/10/2015
240,Giovanna Carvalho,1400.0,Marketing,11/06/1988,27/12/2018
241,Luiz Gustavo das Neves,8000.0,TECH,25/10/1982,19/05/2019
242,Bianca da Costa,8000.0,Recursos Humanos,15/04/1975,19/01/2015
243,Isis Silva,10000.0,Departamento Pessoal,01/03/1964,30/01/2020
244,Luiz Henrique Barbosa,1400.0,Recursos Humanos,23/06/1999,15/06/2022
245,Cau� Ribeiro,10000.0,Marketing,01/03/1984,18/12/2018
246,Clarice Martins,1800.0,Recursos Humanos,19/07/1966,22/02/2019
247,Pietro Cunha,3300.0,Departamento Pessoal,03/11/1958,24/09/2022
248,Ana L�via Azevedo,1400.0,TECH,27/05/1970,16/08/2022
249,Gabrielly Sales,10000.0,TECH,13/04/1959,17/06/2021
250,Nathan da Cruz,5000.0,Departamento Pessoal,29/04/1958,22/01/2016
251,Ian Cardoso,8000.0,Finaceiro,09/10/1984,26/11/2014
252,Davi Lucas Campos,10000.0,Finaceiro,17/07/2001,19/02/2022
253,Levi Souza,10000.0,Recursos Humanos,13/05/1971,16/08/2020
254,Sabrina Castro,3300.0,Marketing,20/09/1963,21/06/2014
255,Ryan Pires,1400.0,TECH,28/04/1994,08/11/2022
256,Eloah Monteiro,2500.0,Recursos Humanos,01/11/1988,09/08/2023
257,Alice Melo,1400.0,TECH,30/01/1978,24/10/2021
258,Alexia Carvalho,2500.0,Finaceiro,24/05/1963,29/07/2019
259,Daniel da Mata,8000.0,Marketing,06/04/2000,02/08/2014
260,Caio da Rosa,8000.0,Marketing,09/08/1983,18/01/2024
261,Pedro Lucas Costa,3300.0,TECH,02/01/1970,09/10/2021
262,Alexandre Nascimento,3300.0,Marketing,07/04/1958,24/05/2017
263,Samuel da Rosa,10000.0,TECH,25/01/1989,17/07/2016
264,Juliana Azevedo,5000.0,Finaceiro,29/04/1985,27/04/2020
265,Isis Correia,2500.0,Recursos Humanos,11/05/1992,05/10/2019
266,Enrico da Mata,8000.0,Recursos Humanos,04/07/1965,22/10/2023
267,Benjamin Caldeira,8000.0,Marketing,14/11/1994,03/06/2023
268,Eduardo Ara�jo,8000.0,Recursos Humanos,14/06/1967,07/09/2014
269,Carolina Almeida,8000.0,Marketing,27/08/1980,21/01/2015
270,Srta. Maria Alice da Cruz,8000.0,Departamento Pessoal,26/10/1970,23/01/2018
271,Sra. Helena Arag�o,10000.0,TECH,05/02/2001,27/01/2020
272,Lav�nia Campos,1800.0,Marketing,21/10/1984,18/05/2015
273,Lav�nia Mendes,1400.0,TECH,10/03/1963,01/09/2018
274,Dra. Marina da Cunha,3300.0,Finaceiro,20/03/1975,10/08/2020
275,Dra. Carolina da Luz,8000.0,TECH,10/09/1988,25/05/2022
276,Diego Pires,3300.0,Departamento Pessoal,18/04/1993,05/03/2017
277,Beatriz Campos,3300.0,Recursos Humanos,31/05/1980,30/11/2021
278,Lara da Mata,3300.0,Departamento Pessoal,03/09/1964,02/05/2019
279,Fernanda Jesus,2500.0,Finaceiro,24/03/1986,26/11/2014
280,Jo�o Felipe Santos,8000.0,Finaceiro,11/10/1997,08/08/2020
281,Igor Alves,1800.0,Recursos Humanos,26/10/1974,05/01/2017
282,Laura Sales,5000.0,Departamento Pessoal,25/04/1974,09/12/2019
283,Larissa Caldeira,2500.0,TECH,24/01/1985,12/06/2014
284,Nathan Cardoso,1800.0,Departamento Pessoal,25/11/1991,25/02/2021
285,Murilo da Cruz,2500.0,TECH,26/04/1961,18/03/2019
286,Brenda Mendes,1800.0,Recursos Humanos,10/10/1967,13/05/2022
287,Jo�o Lucas Carvalho,5000.0,Finaceiro,01/02/1993,22/08/2016
288,Maria Ribeiro,10000.0,Marketing,11/09/1999,24/05/2023
289,Srta. Clarice Gon�alves,1800.0,Recursos Humanos,12/10/1974,23/06/2022
290,Isaac da Rosa,10000.0,TECH,27/12/1965,22/06/2023
291,Dr. Kaique Ara�jo,5000.0,Departamento Pessoal,08/07/1998,23/11/2022
292,Bryan Ara�jo,1800.0,Recursos Humanos,12/08/1974,16/03/2017
293,Manuela Santos,2500.0,Recursos Humanos,17/03/1982,17/02/2015
294,Pietro Pinto,3300.0,Marketing,06/10/1994,25/09/2018
295,Noah Pereira,1400.0,Departamento Pessoal,05/05/1964,05/06/2017
296,Kamilly Ribeiro,8000.0,Departamento Pessoal,07/12/1975,03/03/2016
297,Marina Moraes,3300.0,TECH,03/09/1966,10/09/2014
298,Lara Cardoso,2500.0,Marketing,26/06/1986,08/01/2017
299,Sr. Alexandre Souza,1400.0,Departamento Pessoal,30/01/1962,20/04/2014
300,Sr. Gabriel Barbosa,1800.0,TECH,12/12/1964,14/12/2017
301,La�s Vieira,5000.0,Marketing,08/07/2000,27/08/2023
302,Nat�lia Ribeiro,10000.0,Departamento Pessoal,03/02/1999,21/05/2018
303,Dra. Raquel da Cruz,1800.0,Recursos Humanos,28/11/1963,06/02/2024
304,Igor da Cruz,8000.0,Finaceiro,11/08/1991,22/04/2023
305,Sr. Renan Teixeira,10000.0,Finaceiro,06/06/1988,19/07/2019
306,Bruno Souza,5000.0,Finaceiro,06/07/1961,01/05/2023
307,Sra. Sophie Correia,5000.0,TECH,29/07/1993,19/10/2019
308,Nathan Azevedo,5000.0,Recursos Humanos,16/09/1961,01/02/2024
309,Sra. Olivia Santos,3300.0,Departamento Pessoal,31/08/1982,03/03/2022
310,Ant�nio Nunes,8000.0,Finaceiro,30/08/1973,10/12/2021
311,Ana Beatriz Correia,8000.0,Recursos Humanos,22/12/1997,25/07/2022
312,Pedro Campos,8000.0,Recursos Humanos,12/04/2003,19/10/2020
313,Dr. Nathan Campos,3300.0,Recursos Humanos,30/08/1968,11/07/2021
314,Jo�o Lucas da Paz,8000.0,TECH,11/12/1966,30/05/2017
315,Elisa Cardoso,8000.0,Departamento Pessoal,09/12/1987,04/01/2016
316,Joaquim Arag�o,10000.0,Marketing,13/08/1992,14/05/2016
317,Rafael da Concei��o,10000.0,TECH,15/03/1999,21/04/2017
318,Kaique Rodrigues,1400.0,Marketing,22/04/1962,27/09/2017
319,Melissa da Concei��o,2500.0,Recursos Humanos,30/06/1999,28/10/2016
320,Ana Sophia Teixeira,1800.0,Recursos Humanos,07/01/1975,10/03/2019
321,Alice Ramos,2500.0,Finaceiro,18/09/1980,21/09/2021
322,Augusto Cardoso,2500.0,Recursos Humanos,15/09/1988,31/01/2015
323,Srta. Pietra Nunes,2500.0,Marketing,25/12/1994,27/04/2020
324,Melissa Monteiro,2500.0,TECH,06/06/1985,22/06/2017
325,Jo�o Felipe Martins,10000.0,Marketing,20/01/1985,08/06/2023
326,Valentina Rocha,3300.0,Departamento Pessoal,25/07/1968,20/11/2022
327,Isabel da Mata,3300.0,Marketing,07/02/1985,01/02/2019
328,Srta. Al�cia Rezende,10000.0,Departamento Pessoal,03/06/2001,23/11/2017
329,Diego Teixeira,2500.0,TECH,21/09/2003,20/06/2014
330,Sophie Costela,10000.0,TECH,17/02/1972,18/02/2018
331,Davi Luiz Silva,10000.0,Finaceiro,20/07/1984,16/10/2015
332,Vitor Oliveira,10000.0,Recursos Humanos,07/06/1991,16/09/2023
333,Pietro da Rosa,1800.0,Departamento Pessoal,28/04/1961,24/07/2014
334,Isabella Barros,1800.0,Departamento Pessoal,09/01/2001,23/03/2014
335,Alana Foga�a,1800.0,Finaceiro,02/09/1983,30/08/2021
336,Rodrigo Moraes,1800.0,Finaceiro,03/04/1958,12/09/2014
337,Theo Farias,8000.0,Departamento Pessoal,08/09/1998,08/03/2016
338,La�s Gomes,10000.0,TECH,19/09/1994,09/06/2016
339,Luiz Gustavo Vieira,3300.0,Recursos Humanos,18/03/1960,03/10/2020
340,Agatha da Cruz,10000.0,TECH,26/07/1964,12/04/2023
341,Clara Campos,1800.0,Marketing,22/10/2005,13/03/2023
342,Maria Julia Ribeiro,2500.0,Marketing,06/09/1968,02/01/2015
343,Calebe Martins,10000.0,Finaceiro,17/12/1975,06/08/2023
344,Dr. Kaique da Cruz,3300.0,Marketing,04/07/1980,22/12/2020
345,Srta. Emanuella Ramos,5000.0,Finaceiro,21/06/1992,08/06/2020
346,Julia da Costa,5000.0,Departamento Pessoal,05/11/1984,17/12/2020
347,Lara da Concei��o,8000.0,Departamento Pessoal,04/08/1982,27/11/2016
348,Ian Pinto,3300.0,Recursos Humanos,02/06/1961,18/01/2017
349,Sr. Vicente da Cruz,3300.0,Finaceiro,12/02/1980,30/04/2018
350,Raul Santos,1400.0,Marketing,27/11/1978,23/02/2019
351,Enzo Gabriel Melo,5000.0,TECH,18/09/1986,04/12/2017
352,Manuela Nunes,10000.0,Departamento Pessoal,05/10/1969,10/09/2015
353,Maria Alice Viana,3300.0,Marketing,18/10/1994,12/10/2023
354,Vicente Caldeira,3300.0,TECH,12/09/2003,24/07/2021
355,Sra. Emanuella Azevedo,10000.0,Recursos Humanos,04/01/2002,13/12/2014
356,Diogo Carvalho,8000.0,Departamento Pessoal,15/02/2006,25/12/2015
357,Sra. Julia Ara�jo,3300.0,Departamento Pessoal,18/12/1994,05/10/2022
358,Mirella da Costa,8000.0,Departamento Pessoal,14/05/1977,03/02/2023
359,Let�cia da Concei��o,5000.0,Finaceiro,29/09/1971,19/09/2018
360,Lorenzo Caldeira,3300.0,Recursos Humanos,05/09/1978,11/08/2017
361,Diogo Gomes,1800.0,TECH,15/12/1995,18/02/2022
362,Murilo Alves,10000.0,Recursos Humanos,02/06/1984,28/04/2022
363,Sr. Bernardo das Neves,10000.0,Marketing,22/10/2003,13/08/2015
364,Maria Nunes,1800.0,Finaceiro,04/08/1997,03/09/2019
365,Breno Almeida,3300.0,Finaceiro,26/10/1988,11/09/2022
366,Dr. Theo Rodrigues,3300.0,Marketing,19/08/1968,09/02/2017
367,Anthony da Cunha,1800.0,Departamento Pessoal,12/05/1965,05/04/2020
368,Gustavo Ramos,8000.0,Marketing,11/07/2001,11/08/2018
369,Ot�vio Rodrigues,1400.0,TECH,11/12/2002,21/10/2016
370,Vinicius Fernandes,2500.0,Finaceiro,14/09/1980,30/07/2023
371,Juliana Freitas,8000.0,Recursos Humanos,12/12/1990,17/12/2021
372,Jo�o Guilherme Ribeiro,3300.0,Marketing,19/08/1990,16/06/2018
373,Davi Lucca Farias,1800.0,Marketing,11/01/1961,24/06/2016
374,Lav�nia Castro,5000.0,Departamento Pessoal,25/05/2002,18/11/2021
375,Kaique Monteiro,1800.0,Finaceiro,11/01/2000,01/09/2018
376,Dra. Camila Pereira,8000.0,TECH,31/10/1979,28/10/2023
377,Davi Lucas Melo,3300.0,Finaceiro,25/12/1964,03/08/2015
378,Caroline Carvalho,1800.0,Finaceiro,22/02/1982,17/12/2023
379,Ana Luiza Nogueira,10000.0,Marketing,26/03/1970,05/11/2023
380,Davi Caldeira,1400.0,Finaceiro,06/04/1992,02/03/2015
381,Andr� Cardoso,1800.0,Departamento Pessoal,14/07/1963,10/08/2018
382,Luana Nogueira,1400.0,Marketing,03/03/1982,04/10/2015
383,Miguel Ribeiro,1800.0,Recursos Humanos,03/10/1958,05/04/2020
384,Sr. Igor Rodrigues,8000.0,Recursos Humanos,22/09/1989,17/06/2021
385,Maria da Paz,1400.0,Marketing,03/01/1976,03/05/2023
386,Dr. Miguel Castro,8000.0,Recursos Humanos,15/02/1965,14/11/2015
387,Lucas da Costa,1800.0,Finaceiro,19/07/2001,24/07/2015
388,Jo�o Lucas Carvalho,8000.0,Marketing,15/06/1999,25/01/2017
389,Lorena Novaes,1800.0,Marketing,24/06/1973,21/03/2021
390,Erick Cardoso,1400.0,Marketing,20/10/1972,30/11/2020
391,Thales Moura,1800.0,Finaceiro,06/04/1967,02/12/2017
392,Noah Rodrigues,8000.0,Finaceiro,01/02/1959,31/07/2015
393,Ana Sophia Freitas,10000.0,Departamento Pessoal,03/12/1965,28/09/2018
394,Nathan Pires,3300.0,Recursos Humanos,23/11/1961,24/08/2017
395,Gabriela da Paz,1400.0,Departamento Pessoal,28/10/1961,04/11/2023
396,Bianca Rocha,1400.0,Recursos Humanos,25/01/1995,10/05/2016
397,Sabrina Campos,5000.0,Marketing,02/02/1980,14/03/2020
398,Ana Clara Castro,8000.0,Departamento Pessoal,07/10/1988,12/04/2016
399,Kaique Nunes,10000.0,TECH,29/08/1965,18/05/2017
400,Isaac Nascimento,5000.0,Departamento Pessoal,12/10/1986,14/10/2016
401,Bruno Novaes,3300.0,Departamento Pessoal,21/01/1960,13/08/2019
402,Ana Beatriz Nascimento,10000.0,Recursos Humanos,13/09/1966,07/12/2023
403,Sabrina Ferreira,10000.0,Marketing,21/10/1977,14/12/2020
404,Sr. Rodrigo Nascimento,2500.0,Finaceiro,06/02/1979,12/02/2024
405,Luiz Felipe Almeida,1400.0,Marketing,17/10/1964,25/06/2021
406,Davi Lucca da Mota,3300.0,Marketing,07/02/2006,30/05/2015
407,Cau� Alves,1800.0,Finaceiro,25/12/1985,02/06/2019
408,Joaquim Souza,2500.0,TECH,07/02/1984,13/10/2021
409,Kamilly Barbosa,8000.0,Marketing,04/08/1975,09/04/2014
410,Dr. Lucca Farias,1800.0,Marketing,02/09/1982,08/01/2024
411,Catarina Nunes,1400.0,TECH,16/05/1969,28/07/2018
412,Caroline Moura,1800.0,Departamento Pessoal,14/08/1983,08/04/2023
413,Sr. Carlos Eduardo Barbosa,1800.0,TECH,10/08/1996,12/11/2020
414,Ant�nio Nascimento,1400.0,Departamento Pessoal,28/09/1958,13/04/2015
415,Bruno Gon�alves,10000.0,Departamento Pessoal,29/10/1972,27/11/2021
416,Vitor Hugo Freitas,3300.0,Recursos Humanos,25/03/2005,09/07/2023
417,Agatha Arag�o,1800.0,Marketing,22/01/1980,28/09/2014
418,Pedro Pires,8000.0,Departamento Pessoal,18/03/1993,14/10/2017
419,Ana Beatriz Pinto,5000.0,Marketing,30/06/1984,08/03/2016
420,Maria Sophia Ramos,1400.0,Marketing,04/01/1977,17/04/2021
421,B�rbara Novaes,8000.0,TECH,10/09/1991,24/11/2017
422,Lucas Dias,1400.0,Finaceiro,11/05/1960,13/01/2023
423,Sra. Carolina Pereira,10000.0,Marketing,26/05/1986,30/01/2020
424,Bryan Caldeira,8000.0,Departamento Pessoal,28/02/2000,11/10/2017
425,Eduardo Fernandes,3300.0,Recursos Humanos,07/04/1988,12/08/2019
426,Augusto Freitas,3300.0,Finaceiro,17/03/1962,30/04/2014
427,Ana Beatriz da Cruz,8000.0,Marketing,26/03/1961,03/10/2023
428,Raul Pinto,8000.0,TECH,17/05/1996,11/02/2020
429,Gabrielly Ramos,1400.0,Finaceiro,11/12/1972,28/08/2017
430,Sra. L�via Silveira,5000.0,Marketing,26/09/1998,22/06/2015
431,Renan da Cruz,1800.0,Recursos Humanos,04/08/1983,06/09/2020
432,Eduarda Gon�alves,1800.0,TECH,28/05/1972,12/04/2020
433,Dr. Augusto Nogueira,3300.0,Recursos Humanos,25/12/1977,17/03/2022
434,Mait� da Mota,1400.0,Marketing,02/12/1988,15/04/2023
435,Rafael Gomes,8000.0,TECH,27/12/1960,05/05/2017
436,Eduarda Santos,1800.0,Recursos Humanos,09/05/2002,14/10/2016
437,Valentina Novaes,8000.0,TECH,14/01/1978,25/08/2023
438,Camila Correia,3300.0,Marketing,28/02/1996,24/09/2019
439,Alexandre Peixoto,8000.0,Departamento Pessoal,24/09/1987,19/03/2022
440,Paulo Ara�jo,2500.0,Finaceiro,03/06/1979,06/04/2014
441,Bernardo Nunes,1800.0,Finaceiro,29/10/1992,15/12/2019
442,Sr. Lucas Gabriel Pires,8000.0,Departamento Pessoal,04/05/1966,30/05/2016
443,Lucca Ramos,1400.0,TECH,28/01/1967,02/02/2024
444,Sr. Enzo Gabriel da Costa,1800.0,TECH,08/09/1978,19/11/2021
445,Ana Julia Barbosa,5000.0,Finaceiro,28/10/1998,27/10/2017
446,Julia Farias,10000.0,Finaceiro,12/07/1962,23/08/2021
447,Carlos Eduardo Martins,2500.0,Finaceiro,24/05/1989,04/12/2016
448,Sra. Isabel Jesus,1800.0,TECH,26/01/2001,20/11/2018
449,Clarice Barbosa,2500.0,Finaceiro,02/09/1966,28/12/2021
450,Augusto Santos,5000.0,Marketing,19/02/1974,03/04/2020
451,Raul Correia,5000.0,Departamento Pessoal,13/09/1988,19/11/2014
452,Mait� Fernandes,1400.0,Finaceiro,19/07/1976,25/02/2021
453,Pedro Caldeira,10000.0,TECH,08/04/1991,24/09/2016
454,Alexia Lima,1400.0,Recursos Humanos,08/01/1984,05/10/2020
455,Beatriz Rocha,1800.0,Departamento Pessoal,02/11/1960,19/03/2021
456,Catarina Pereira,2500.0,Departamento Pessoal,01/01/1982,10/12/2017
457,Davi Luiz Gon�alves,10000.0,Marketing,05/12/1976,14/12/2015
458,Gabriela Fernandes,1800.0,TECH,06/04/2001,19/12/2023
459,Maria Eduarda Nascimento,5000.0,TECH,03/04/1973,25/02/2016
460,Eloah Correia,1800.0,Recursos Humanos,27/02/1971,18/03/2014
461,Srta. Ana J�lia Porto,10000.0,Finaceiro,26/08/1979,26/07/2021
462,Sr. Davi Luiz Moreira,10000.0,Marketing,21/02/1998,14/06/2023
463,Andr� Moura,3300.0,TECH,14/07/1972,08/06/2022
464,Luiz Henrique da Paz,1400.0,TECH,02/03/1994,15/08/2020
465,Bianca Monteiro,5000.0,TECH,24/01/2000,04/09/2015
466,Diogo Silva,8000.0,Marketing,13/12/1998,29/10/2015
467,Pedro Miguel Moraes,10000.0,Recursos Humanos,23/10/1968,09/06/2023
468,Igor da Costa,5000.0,Marketing,10/12/1989,20/07/2021
469,Raquel Jesus,1800.0,Marketing,19/05/2003,18/01/2021
470,Sra. Maria Eduarda Oliveira,10000.0,Departamento Pessoal,19/08/1982,19/12/2022
471,Jo�o Vitor Ramos,8000.0,TECH,12/01/1966,25/03/2019
472,Lucca Gomes,10000.0,TECH,28/01/1997,11/05/2022
473,Let�cia Silveira,10000.0,Finaceiro,29/02/1960,23/06/2017
474,Jo�o Felipe Campos,3300.0,Finaceiro,01/03/1996,02/02/2022
475,Luiz Fernando Caldeira,8000.0,Marketing,25/08/1960,09/07/2023
476,Lav�nia Correia,8000.0,Recursos Humanos,23/01/1965,08/11/2016
477,Ana Clara Arag�o,1800.0,Finaceiro,23/08/2002,02/02/2016
478,Srta. Joana Novaes,5000.0,Marketing,18/11/1991,06/12/2015
479,Al�cia Freitas,1400.0,Departamento Pessoal,23/03/2003,29/04/2020
480,Dra. Ana Julia Carvalho,1400.0,Departamento Pessoal,10/10/1959,19/08/2019
481,Diego Foga�a,3300.0,Marketing,07/06/1978,26/01/2015
482,Valentina Peixoto,1800.0,Departamento Pessoal,22/09/1980,07/10/2022
483,Dr. Igor Gon�alves,10000.0,Departamento Pessoal,11/07/1996,31/12/2023
484,Henrique Barbosa,1400.0,Marketing,27/10/1977,06/06/2019
485,Enzo Gabriel da Rosa,1400.0,Marketing,10/05/1963,25/02/2016
486,Dra. Joana Barbosa,3300.0,Finaceiro,16/01/1974,15/01/2024
487,Davi Lucas das Neves,3300.0,Recursos Humanos,09/08/1983,18/06/2021
488,Isaac Farias,10000.0,Recursos Humanos,01/07/1998,25/03/2016
489,Bryan Almeida,1800.0,TECH,04/07/1963,15/02/2021
490,Cec�lia Ribeiro,2500.0,Marketing,13/07/1983,18/02/2017
491,Carolina Silva,3300.0,TECH,01/02/1982,13/09/2022
492,Sabrina Campos,2500.0,Finaceiro,01/04/1996,06/09/2023
493,Sra. Mariana Silva,1400.0,Finaceiro,02/07/1996,25/12/2017
494,Clarice Azevedo,2500.0,Finaceiro,31/05/1981,31/03/2014
495,Helo�sa da Rosa,1800.0,Departamento Pessoal,30/04/1980,27/01/2018
496,Lara Nunes,2500.0,Marketing,02/10/1991,10/05/2019
497,Yasmin Campos,5000.0,TECH,03/08/1999,21/11/2021
498,Enzo Gabriel Duarte,5000.0,Departamento Pessoal,11/02/1990,20/09/2015
499,Raquel Cardoso,2500.0,Departamento Pessoal,02/08/1977,04/09/2019
500,Luigi Cavalcanti,10000.0,TECH,16/08/1993,10/07/2016
501,Leonardo Duarte,3300.0,Departamento Pessoal,28/07/2002,15/01/2021
502,Cau� Nogueira,3300.0,Recursos Humanos,30/04/1995,30/12/2017
503,Dr. Luigi Santos,8000.0,Marketing,13/06/2004,16/07/2015
504,Gustavo Henrique Martins,1800.0,Recursos Humanos,31/03/1969,04/04/2021
505,Gabriela Teixeira,3300.0,Departamento Pessoal,03/11/1972,27/04/2019
506,Isadora Costa,5000.0,Departamento Pessoal,18/04/1962,30/09/2018
507,Eduarda da Cunha,5000.0,TECH,13/11/1974,06/04/2022
508,Caroline Souza,10000.0,Finaceiro,04/10/1973,29/07/2018
509,Manuela da Mota,10000.0,Recursos Humanos,11/12/1996,12/12/2018
510,Luna Arag�o,10000.0,TECH,25/10/1994,30/09/2016
511,Bianca Azevedo,1800.0,Marketing,20/01/1992,04/03/2016
512,Maria Julia Gon�alves,10000.0,Departamento Pessoal,24/11/1983,23/08/2019
513,Sr. Levi Alves,3300.0,TECH,02/05/2004,23/01/2019
514,Dr. Luiz Miguel Ramos,5000.0,Finaceiro,23/10/1989,29/01/2021
515,Srta. Ana J�lia Dias,1400.0,Marketing,20/05/1961,09/08/2023
516,Lav�nia Fernandes,5000.0,Finaceiro,28/05/1992,27/10/2020
517,Olivia Azevedo,3300.0,TECH,23/12/1967,31/01/2019
518,Isis Gomes,5000.0,TECH,06/04/1981,13/09/2020
519,Emanuella Viana,5000.0,Marketing,08/09/1982,04/01/2021
520,Lucas Freitas,3300.0,Recursos Humanos,12/04/1979,21/05/2016
521,Gabriel Lopes,2500.0,Departamento Pessoal,26/06/1962,23/08/2020
522,Jo�o Miguel Dias,2500.0,Departamento Pessoal,14/01/1996,09/10/2014
523,Bruna das Neves,3300.0,Finaceiro,12/01/1987,10/09/2017
524,Gabrielly Pires,10000.0,TECH,08/12/1995,06/07/2022
525,Nathan Costela,8000.0,Finaceiro,15/09/1991,02/12/2022
526,Helo�sa Nunes,2500.0,Recursos Humanos,07/04/1961,26/06/2020
527,Isadora Jesus,5000.0,TECH,17/12/1958,22/06/2021
528,Fernanda Cardoso,1800.0,Marketing,20/06/1962,29/04/2023
529,Luna Castro,5000.0,TECH,28/09/1981,17/01/2016
530,Kamilly Souza,5000.0,TECH,19/05/1994,16/03/2016
531,Dr. Lucas Gabriel Nascimento,8000.0,Departamento Pessoal,24/08/1969,11/02/2016
532,Dra. Maria Clara Pinto,5000.0,Recursos Humanos,11/12/2005,13/01/2015
533,Kamilly Gomes,1800.0,Departamento Pessoal,21/05/1996,02/06/2023
534,Marcela Moraes,3300.0,TECH,30/06/1981,12/07/2021
535,Pedro Miguel da Rosa,8000.0,Finaceiro,26/12/1960,03/04/2016
536,Dr. Nathan Jesus,1400.0,Marketing,18/11/1974,20/07/2021
537,Thiago Teixeira,5000.0,Finaceiro,06/11/1968,21/03/2021
538,Andr� da Cunha,1400.0,Marketing,11/02/1999,16/10/2021
539,Diego Melo,1800.0,Departamento Pessoal,23/08/1997,14/12/2016
540,J�lia da Concei��o,1800.0,Recursos Humanos,06/06/1974,05/04/2014
541,Alana Castro,10000.0,Finaceiro,03/02/1968,16/02/2024
542,Maria Julia Mendes,2500.0,TECH,15/01/1961,17/12/2019
543,Pedro Arag�o,3300.0,TECH,23/10/1960,20/12/2015
544,Danilo Ramos,1800.0,TECH,20/01/1973,04/10/2016
545,Julia Nunes,2500.0,Recursos Humanos,06/03/1963,08/10/2015
546,Anthony Mendes,5000.0,Finaceiro,31/03/1962,02/05/2015
547,Srta. Camila Jesus,10000.0,Departamento Pessoal,24/04/1969,15/11/2021
548,Pedro Miguel da Cunha,1800.0,Departamento Pessoal,08/05/2000,05/10/2019
549,Luiz Ot�vio Cavalcanti,3300.0,TECH,30/04/2004,07/09/2016
550,Jo�o Lucas Ramos,1800.0,Finaceiro,18/08/1989,13/02/2021
551,Dra. Mirella da Paz,8000.0,TECH,17/07/1986,17/06/2021
552,Pietro Cardoso,5000.0,Marketing,22/07/1964,03/02/2023
553,Joaquim Sales,5000.0,TECH,05/02/1994,07/09/2015
554,Luiza da Paz,2500.0,Finaceiro,21/09/1973,21/07/2016
555,Dr. Breno da Rosa,1400.0,Marketing,08/10/1990,07/02/2021
556,Luiza Alves,1800.0,Marketing,10/07/1968,06/03/2016
557,Carolina Pinto,5000.0,Recursos Humanos,01/09/1994,24/11/2021
558,Ana Laura da Paz,3300.0,Finaceiro,20/03/1993,27/09/2022
559,Dr. Pedro da Rosa,1400.0,Marketing,13/01/1965,16/01/2018
560,Ana Clara Vieira,1400.0,Departamento Pessoal,17/07/1986,28/03/2014
561,Caio Peixoto,10000.0,Departamento Pessoal,08/01/1975,21/07/2018
562,Marcelo da Cruz,8000.0,Marketing,15/10/1967,23/01/2016
563,Larissa Moraes,3300.0,TECH,25/08/1981,27/01/2015
564,Eduardo Barros,2500.0,Marketing,04/11/1979,05/08/2020
565,Catarina da Luz,1800.0,Finaceiro,12/07/1974,16/09/2014
566,Ana Sophia Ribeiro,3300.0,Marketing,02/05/1996,30/08/2018
567,Lucca Almeida,5000.0,Departamento Pessoal,25/11/1974,02/01/2022
568,Sr. Juan Martins,3300.0,Departamento Pessoal,14/01/1975,27/12/2016
569,Diogo Moreira,1400.0,Marketing,08/06/1961,24/11/2016
570,Ana Carolina Teixeira,1400.0,Marketing,22/10/1961,13/03/2023
571,Pedro Henrique da Rosa,1800.0,Recursos Humanos,04/06/1998,27/05/2022
572,Maria Cec�lia Viana,1800.0,Marketing,13/11/1971,07/11/2015
573,Isis Ara�jo,1400.0,TECH,23/05/2001,18/12/2021
574,Kaique Silveira,10000.0,Recursos Humanos,20/07/1993,17/10/2020
575,Eduarda Caldeira,10000.0,TECH,12/07/1969,17/09/2016
576,Isabelly Ramos,2500.0,Finaceiro,09/10/1970,22/10/2021
577,Ant�nio Campos,2500.0,Marketing,20/03/1962,23/04/2023
578,Jo�o Vitor da Luz,8000.0,Marketing,24/09/1985,16/08/2022
579,Davi Luiz da Rocha,1400.0,Recursos Humanos,08/08/1965,17/09/2015
580,Nicolas Fernandes,1400.0,TECH,26/10/2005,06/02/2018
581,Yasmin Peixoto,3300.0,Marketing,27/04/1960,13/07/2014
582,Guilherme Lima,10000.0,Finaceiro,22/08/1984,18/07/2014
583,Rodrigo Campos,3300.0,Recursos Humanos,20/05/1999,30/11/2016
584,Vitor Gabriel Cavalcanti,8000.0,Marketing,18/10/1962,24/05/2016
585,Luiz Henrique Carvalho,1800.0,Marketing,15/11/1966,17/12/2020
586,Mariane Jesus,1400.0,Finaceiro,14/04/1958,19/11/2019
587,Noah Santos,10000.0,Recursos Humanos,31/08/1989,23/10/2018
588,Maria Cec�lia Arag�o,3300.0,TECH,24/06/1967,17/02/2017
589,Juliana Ramos,10000.0,Departamento Pessoal,19/12/1960,10/08/2019
590,Lorena da Concei��o,3300.0,Recursos Humanos,25/02/2001,02/11/2022
591,Emanuella Azevedo,5000.0,Departamento Pessoal,17/02/1964,19/01/2022
592,Maria da Costa,2500.0,TECH,04/07/1971,03/03/2019
593,Juan Lima,5000.0,Finaceiro,06/10/1999,15/12/2015
594,Dr. Felipe da Mata,3300.0,Marketing,02/01/1977,27/07/2023
595,Helena Lima,1400.0,TECH,29/12/1985,11/05/2014
596,Maria da Paz,8000.0,Finaceiro,02/08/1967,20/11/2017
597,Sophie Azevedo,1400.0,Finaceiro,11/04/1992,07/12/2021
598,Lara Sales,1800.0,Departamento Pessoal,20/10/1999,29/11/2020
599,Felipe Ferreira,1800.0,Finaceiro,27/09/1962,01/10/2017
600,Sr. Ben�cio Foga�a,5000.0,TECH,24/10/1962,11/11/2019
601,Alexandre da Concei��o,3300.0,Finaceiro,08/06/1977,05/08/2015
602,Alexandre Ara�jo,1400.0,Recursos Humanos,02/11/1997,17/07/2015
603,Beatriz Barbosa,1800.0,Recursos Humanos,22/10/1987,04/01/2018
604,Henrique Santos,3300.0,Marketing,19/12/2001,07/06/2020
605,Levi da Cruz,2500.0,TECH,05/01/1999,11/09/2023
606,Juliana Cunha,8000.0,TECH,23/08/2004,08/10/2015
607,Sr. Samuel Porto,2500.0,Marketing,22/02/1980,24/09/2020
608,Marcela da Concei��o,1400.0,Recursos Humanos,28/02/1997,29/10/2022
609,Vitor Gabriel da Cunha,10000.0,Marketing,04/12/1979,10/05/2023
610,Noah Rodrigues,2500.0,Departamento Pessoal,24/01/1985,04/07/2016
611,Amanda Vieira,10000.0,Recursos Humanos,03/04/2002,21/10/2016
612,Dr. Luigi Jesus,1400.0,TECH,08/09/1992,09/04/2021
613,Beatriz Pinto,10000.0,Departamento Pessoal,30/08/1967,09/09/2021
614,Valentina Vieira,8000.0,Marketing,07/07/2001,03/03/2015
615,Pedro Carvalho,1800.0,TECH,20/07/2000,25/10/2023
616,Sra. Carolina Fernandes,5000.0,Finaceiro,24/05/1985,11/11/2020
617,Kaique Sales,8000.0,Finaceiro,06/10/1993,27/03/2022
618,Vitor Gabriel Souza,5000.0,TECH,28/05/1970,22/10/2021
619,Nicolas Azevedo,2500.0,Finaceiro,08/09/1967,28/02/2024
620,Juliana Moreira,10000.0,Recursos Humanos,13/04/1981,25/07/2019
621,Mirella Peixoto,1800.0,TECH,03/01/2006,18/11/2022
622,Diogo Martins,5000.0,Marketing,19/09/1959,27/03/2018
623,Gabriel Dias,3300.0,Recursos Humanos,15/10/2000,26/08/2019
624,Maria Sophia Caldeira,3300.0,Recursos Humanos,23/04/1976,31/05/2022
625,Isis da Paz,2500.0,Finaceiro,04/08/2004,23/02/2023
626,Sr. Thomas Azevedo,5000.0,Finaceiro,16/01/1982,15/05/2018
627,Isabel Ara�jo,8000.0,TECH,27/08/2003,14/01/2018
628,Catarina Rocha,5000.0,TECH,03/11/1985,20/12/2019
629,Levi Oliveira,2500.0,TECH,03/03/1999,26/02/2018
630,Emilly Nascimento,5000.0,Marketing,30/11/1965,10/12/2019
631,Dra. Ana J�lia Arag�o,10000.0,Departamento Pessoal,28/01/1969,28/01/2018
632,Daniel Carvalho,8000.0,Recursos Humanos,06/07/1966,08/07/2022
633,Davi Lucca Rocha,8000.0,Marketing,02/02/1968,07/04/2022
634,Esther Dias,1800.0,Recursos Humanos,18/08/1988,07/07/2021
635,Eloah Costela,1400.0,Departamento Pessoal,13/04/1984,18/07/2015
636,Vitor Caldeira,1400.0,Marketing,24/02/1984,28/02/2017
637,Srta. Gabriela da Cunha,10000.0,Finaceiro,09/08/1979,28/04/2021
638,Ana Vit�ria Castro,8000.0,Departamento Pessoal,02/05/1990,07/01/2017
639,Maria Julia Barbosa,1400.0,Marketing,07/05/2001,30/01/2021
640,Dr. Gabriel Ferreira,10000.0,Marketing,20/03/1978,19/08/2015
641,Cec�lia da Cruz,1800.0,Finaceiro,14/02/1972,12/06/2016
642,Vitor da Cunha,8000.0,Recursos Humanos,07/04/1963,19/09/2015
643,Yasmin Ara�jo,1800.0,Departamento Pessoal,22/09/2001,11/10/2022
644,Dra. Ana Clara Rocha,2500.0,Departamento Pessoal,23/02/1980,02/11/2023
645,Raul das Neves,5000.0,Finaceiro,23/09/1970,09/07/2016
646,Caroline Dias,10000.0,Marketing,10/04/1987,23/10/2023
647,Davi Luiz Castro,1800.0,TECH,15/11/1973,12/08/2022
648,Luiz Fernando Campos,2500.0,Marketing,16/12/1985,20/01/2015
649,Srta. Rebeca Rodrigues,8000.0,Finaceiro,07/08/1996,26/05/2017
650,Dr. Thales Pinto,3300.0,Finaceiro,23/01/2002,21/09/2016
651,Giovanna Moreira,1800.0,TECH,15/05/1985,27/03/2015
652,Ana Sophia Viana,1800.0,Finaceiro,19/08/1968,21/12/2016
653,Ana Beatriz Moraes,1400.0,Marketing,18/05/1960,27/01/2017
654,Augusto Castro,3300.0,Marketing,18/08/1975,20/03/2020
655,Sr. Vinicius Costa,8000.0,Departamento Pessoal,19/10/1989,02/12/2021
656,Catarina Cardoso,10000.0,TECH,31/01/1990,17/05/2023
657,Luiz Miguel Pereira,1400.0,Marketing,27/10/2001,07/11/2017
658,Cec�lia Correia,1800.0,Marketing,28/03/1967,22/12/2023
659,Nicolas Nogueira,1800.0,Recursos Humanos,07/06/2005,09/02/2020
660,Maria Clara Caldeira,1800.0,TECH,29/04/1994,23/08/2021
661,Ana Clara da Cruz,8000.0,Finaceiro,29/08/2001,21/05/2021
662,Sr. Lucas Gabriel Ara�jo,8000.0,Departamento Pessoal,18/10/2002,15/07/2016
663,Emanuelly Mendes,8000.0,Finaceiro,19/06/1962,24/06/2014
664,Jo�o Oliveira,2500.0,Recursos Humanos,15/05/1990,09/09/2018
665,Samuel Castro,1400.0,Finaceiro,29/08/1958,10/10/2023
666,Vitor Sales,10000.0,TECH,23/09/1997,02/08/2019
667,Gabrielly Caldeira,5000.0,Finaceiro,21/09/1977,11/08/2015
668,Lara Cardoso,1800.0,TECH,12/03/2000,23/02/2020
669,Francisco Duarte,3300.0,Finaceiro,16/02/1971,05/06/2022
670,Sra. Gabrielly Ferreira,1400.0,TECH,23/05/1990,27/04/2017
671,Ana Sophia Gon�alves,10000.0,Finaceiro,19/11/1990,08/06/2022
672,Maria Alice Moraes,2500.0,TECH,08/07/2000,02/02/2018
673,Luana Peixoto,10000.0,Marketing,13/03/2004,10/09/2018
674,Davi Lucas Silva,3300.0,Recursos Humanos,17/04/1978,23/03/2015
675,Enrico da Cunha,10000.0,TECH,16/07/1986,21/06/2020
676,L�via Barros,8000.0,Marketing,12/08/1982,05/11/2022
677,Clara Correia,3300.0,TECH,21/10/1981,01/04/2020
678,Noah Silva,10000.0,Marketing,06/04/1976,23/07/2019
679,Jo�o Nascimento,1400.0,Finaceiro,08/06/1964,24/12/2022
680,Ana Luiza da Cunha,1800.0,TECH,26/04/1967,20/07/2019
681,Bernardo Alves,8000.0,Finaceiro,05/04/1958,29/07/2016
682,Gustavo Costela,10000.0,TECH,06/12/1974,12/05/2022
683,Srta. Gabriela Duarte,1800.0,Recursos Humanos,02/07/2004,22/11/2018
684,Nicolas Azevedo,10000.0,Departamento Pessoal,21/09/1999,02/09/2023
685,Vitor Hugo da Rocha,1800.0,Departamento Pessoal,23/11/1998,25/09/2023
686,Sophia Alves,2500.0,Departamento Pessoal,14/02/1961,22/03/2023
687,Renan Gomes,2500.0,Finaceiro,05/04/1986,20/02/2021
688,Bernardo Monteiro,3300.0,Departamento Pessoal,16/08/1999,03/11/2017
689,Joana da Rocha,3300.0,Recursos Humanos,03/04/1964,03/07/2019
690,Alexia da Mata,1400.0,Departamento Pessoal,17/02/1989,28/06/2015
691,Sophie Costela,8000.0,Marketing,08/03/1994,29/03/2021
692,Jo�o Ribeiro,1400.0,Recursos Humanos,19/05/1991,20/06/2023
693,Ana Silva,1800.0,Recursos Humanos,01/06/1984,09/04/2016
694,Sr. Vitor Hugo Alves,1800.0,Departamento Pessoal,06/11/1969,14/01/2021
695,Jo�o Guilherme da Paz,1400.0,Departamento Pessoal,14/11/1983,08/12/2023
696,Isadora Caldeira,1800.0,Recursos Humanos,21/12/1984,09/07/2019
697,Maria Cec�lia Jesus,3300.0,Marketing,07/10/1991,27/11/2020
698,Thales Cavalcanti,8000.0,TECH,01/09/1984,25/05/2015
699,Diego Vieira,5000.0,Marketing,08/03/1989,07/06/2016
700,Clara da Mata,2500.0,Finaceiro,08/12/1993,20/02/2017
701,Dr. Jo�o Nunes,5000.0,Departamento Pessoal,11/08/1993,20/06/2021
702,Luana Lima,1800.0,Finaceiro,31/10/1976,15/01/2022
703,Luna da Costa,1400.0,Departamento Pessoal,27/10/1977,13/05/2016
704,Manuela Rezende,1400.0,TECH,06/11/1993,08/12/2018
705,Srta. Isadora Martins,1400.0,Marketing,31/03/1984,15/10/2022
706,Dr. Gustavo Henrique Santos,2500.0,Departamento Pessoal,30/01/1993,02/01/2023
707,Pedro Miguel Monteiro,1400.0,Recursos Humanos,26/07/1964,16/05/2014
708,Nina Santos,8000.0,TECH,25/08/1980,13/07/2018
709,Vitor Gabriel Farias,10000.0,Departamento Pessoal,25/06/1985,19/04/2021
710,Helena da Paz,1800.0,Finaceiro,14/05/1997,03/02/2023
711,Ana Sophia Costela,10000.0,Finaceiro,14/11/1988,13/09/2023
712,Let�cia Barbosa,10000.0,Finaceiro,19/05/1979,27/09/2017
713,Alice Monteiro,10000.0,Recursos Humanos,10/10/1988,23/04/2014
714,Bernardo Santos,10000.0,TECH,15/02/1964,14/08/2021
715,Luana da Cruz,5000.0,Finaceiro,14/08/1982,18/12/2020
716,Emilly Pinto,2500.0,Marketing,02/02/2005,26/06/2020
717,Dr. Bernardo Mendes,8000.0,Recursos Humanos,12/06/1983,12/12/2022
718,Daniela Fernandes,10000.0,TECH,14/01/2004,24/04/2023
719,Luiz Felipe Jesus,10000.0,TECH,03/01/1996,11/01/2020
720,Breno da Mata,10000.0,Marketing,27/12/1958,20/08/2018
721,Bruna Caldeira,1400.0,Departamento Pessoal,04/05/1972,14/12/2019
722,Luiz Fernando Rezende,1400.0,Departamento Pessoal,01/04/1964,04/10/2015
723,Luiz Henrique Ribeiro,1400.0,Finaceiro,25/12/1965,09/07/2022
724,Dra. Daniela Cardoso,3300.0,Recursos Humanos,28/09/1964,21/02/2024
725,Jo�o Lucas Lima,5000.0,TECH,21/04/1983,22/12/2023
726,Ana Sophia Barbosa,1400.0,Finaceiro,11/08/1965,14/07/2019
727,Gustavo Gon�alves,1400.0,Recursos Humanos,09/02/1979,27/09/2020
728,Isabel Silva,1800.0,TECH,16/06/1975,01/04/2022
729,Sr. Thales Melo,3300.0,Departamento Pessoal,21/02/1978,10/08/2015
730,Renan Santos,1400.0,Recursos Humanos,30/06/1976,16/08/2018
731,Bruno Ara�jo,10000.0,TECH,21/12/2001,20/10/2014
732,Igor Cavalcanti,10000.0,Departamento Pessoal,31/01/1982,21/08/2014
733,Luana Ara�jo,2500.0,Marketing,05/03/1961,24/01/2017
734,Gustavo Azevedo,2500.0,Marketing,09/07/1972,28/03/2019
735,Sra. Emilly Duarte,3300.0,Marketing,25/12/1991,05/04/2015
736,Isabel Sales,1800.0,Recursos Humanos,04/03/2003,20/11/2015
737,Maria Vit�ria Ferreira,5000.0,TECH,16/09/1984,28/06/2015
738,Dr. Vicente Novaes,1400.0,TECH,27/11/1985,29/12/2022
739,Srta. J�lia Santos,3300.0,Marketing,21/01/1961,07/10/2014
740,Bianca Pires,10000.0,TECH,11/06/1992,28/04/2017
741,Jo�o Pereira,3300.0,TECH,27/07/1999,06/04/2023
742,Ana L�via da Luz,1400.0,Departamento Pessoal,21/02/1980,28/10/2016
743,Stephany Arag�o,1800.0,Finaceiro,12/03/1978,08/03/2023
744,Luiz Ot�vio Moraes,8000.0,Marketing,29/10/1998,21/05/2020
745,Thales Barros,1400.0,Marketing,12/03/1973,29/03/2022
746,Dra. Valentina das Neves,8000.0,TECH,31/01/1968,25/12/2020
747,Dr. Davi Lucca Ara�jo,10000.0,Marketing,04/08/1987,19/06/2021
748,Sr. Gustavo Henrique Oliveira,3300.0,TECH,12/04/1999,09/08/2023
749,Ana L�via Campos,8000.0,Marketing,18/04/1986,16/03/2019
750,La�s Carvalho,1400.0,Departamento Pessoal,25/01/1989,01/08/2020
751,Ana Porto,2500.0,Recursos Humanos,01/05/1969,26/10/2019
752,Maria Sophia Farias,3300.0,Departamento Pessoal,17/04/1976,07/03/2016
753,Francisco da Paz,1800.0,Finaceiro,10/06/1969,03/03/2018
754,Bruna Pires,2500.0,Marketing,14/09/1988,25/04/2019
755,Enrico Rezende,1800.0,Marketing,19/02/1982,13/05/2014
756,Francisco Porto,3300.0,Finaceiro,16/07/2002,12/06/2019
757,Cau� Rocha,10000.0,Marketing,07/11/1997,05/07/2022
758,Clarice Rodrigues,10000.0,Recursos Humanos,01/07/1994,27/09/2021
759,Daniela Moreira,2500.0,Recursos Humanos,07/03/1987,19/08/2014
760,Clara Moraes,3300.0,Finaceiro,21/03/1996,30/01/2015
761,Augusto Pires,8000.0,Departamento Pessoal,30/06/1968,07/11/2015
762,Maria Eduarda Almeida,1800.0,TECH,10/10/1978,07/09/2018
763,Sr. Nathan Rodrigues,1400.0,Marketing,02/11/1967,28/06/2018
764,Yasmin Moura,1800.0,Marketing,06/07/1974,24/09/2015
765,Srta. Elisa Cardoso,10000.0,Departamento Pessoal,08/10/1960,14/06/2015
766,Rafaela Caldeira,10000.0,Finaceiro,21/12/1961,04/05/2019
767,Nathan Farias,10000.0,Departamento Pessoal,20/10/1999,09/03/2023
768,Leonardo Castro,5000.0,Departamento Pessoal,12/04/1969,15/08/2014
769,Marcelo Costela,3300.0,Departamento Pessoal,12/09/2002,12/07/2016
770,Breno Arag�o,8000.0,Finaceiro,23/02/1984,10/07/2017
771,Laura Ara�jo,1800.0,TECH,09/07/1988,06/01/2019
772,Ian Pires,1800.0,TECH,09/02/2000,20/11/2017
773,Erick Correia,1800.0,Departamento Pessoal,19/12/1974,10/06/2017
774,Maria Fernanda Rocha,1800.0,TECH,22/06/1995,02/10/2022
775,Pedro Henrique Martins,1400.0,Marketing,17/12/1980,23/04/2018
776,Dr. Levi Fernandes,10000.0,Finaceiro,25/07/1982,04/07/2015
777,Ana Julia Caldeira,1400.0,Finaceiro,15/08/1973,11/01/2016
778,Emanuella Peixoto,3300.0,Marketing,24/08/1992,02/03/2018
779,Luiz Felipe Oliveira,1400.0,Departamento Pessoal,20/07/1965,04/06/2023
780,Gustavo Mendes,3300.0,Finaceiro,30/06/1967,25/11/2019
781,Eduardo Pereira,10000.0,TECH,12/12/1958,26/03/2018
782,Helena Teixeira,10000.0,Departamento Pessoal,16/12/1988,04/12/2014
783,Maysa Rocha,1800.0,Recursos Humanos,28/11/1982,11/12/2018
784,Joana da Luz,3300.0,TECH,25/08/1997,17/03/2017
785,Thales Cardoso,5000.0,Recursos Humanos,09/02/1995,27/07/2015
786,Agatha Caldeira,10000.0,Recursos Humanos,05/02/2004,10/03/2016
787,Giovanna Martins,3300.0,Finaceiro,22/11/1997,09/08/2016
788,Gabrielly Barbosa,3300.0,Departamento Pessoal,17/02/1974,12/12/2016
789,B�rbara da Concei��o,5000.0,TECH,05/11/1997,24/09/2018
790,Yuri da Rocha,3300.0,Recursos Humanos,11/10/1990,26/04/2021
791,Pietra Gomes,1400.0,Departamento Pessoal,10/01/1985,29/06/2019
792,Sra. Gabrielly Lopes,10000.0,Departamento Pessoal,07/08/1975,20/02/2020
793,Sr. Vitor Hugo Farias,8000.0,Recursos Humanos,17/11/1998,19/06/2015
794,Lav�nia Duarte,1800.0,Finaceiro,26/03/1962,15/09/2020
795,L�via Lima,5000.0,Recursos Humanos,26/06/1975,08/03/2017
796,Gabrielly Pinto,10000.0,TECH,21/01/1994,08/07/2018
797,Maria Clara Melo,10000.0,Departamento Pessoal,03/05/1989,27/05/2023
798,Marcela da Costa,5000.0,Marketing,26/12/1978,11/01/2020
799,Giovanna das Neves,1800.0,Departamento Pessoal,05/12/2005,08/11/2020
800,Lucas da Costa,1800.0,Marketing,16/03/2003,07/06/2014
801,Paulo Pinto,1400.0,Marketing,03/04/1970,19/10/2022
802,Jo�o Guilherme Dias,3300.0,Departamento Pessoal,06/04/1974,06/11/2021
803,Anthony Azevedo,1400.0,TECH,08/10/1999,02/03/2021
804,Maria Campos,8000.0,TECH,15/09/1985,01/07/2017
805,Marina Cardoso,1800.0,Finaceiro,13/04/1966,30/04/2014
806,Carlos Eduardo Fernandes,8000.0,Finaceiro,24/04/1997,11/02/2016
807,Guilherme Costa,1800.0,TECH,03/05/1993,15/05/2019
808,Pedro Henrique Costa,1800.0,Marketing,22/09/1959,27/04/2022
809,Carolina Santos,8000.0,TECH,14/04/1965,13/03/2016
810,Anthony Pereira,2500.0,Marketing,02/05/1963,29/06/2020
811,Luiz Miguel Pinto,5000.0,Marketing,11/08/1961,21/03/2016
812,Raquel Jesus,5000.0,Marketing,02/07/1964,02/01/2018
813,Ana Sales,1800.0,Finaceiro,29/05/1986,02/07/2017
814,Caroline Vieira,1400.0,TECH,15/07/1986,27/10/2016
815,Sra. Sofia Moraes,5000.0,Departamento Pessoal,08/12/1966,11/12/2021
816,Vit�ria Porto,10000.0,Finaceiro,07/12/1964,06/10/2020
817,Sr. Marcelo Alves,2500.0,Recursos Humanos,17/06/1968,07/05/2016
818,Sophie Rezende,10000.0,TECH,27/01/1962,09/09/2019
819,Alana Cardoso,10000.0,Departamento Pessoal,23/10/1974,20/09/2018
820,Caroline Jesus,2500.0,TECH,11/11/1966,16/06/2017
821,Cau� Ribeiro,2500.0,Recursos Humanos,12/11/2003,02/06/2016
822,B�rbara Correia,5000.0,TECH,29/12/1990,13/06/2018
823,Enzo Gabriel Oliveira,1400.0,TECH,01/02/1970,23/02/2022
824,Rodrigo da Concei��o,5000.0,Finaceiro,28/08/2001,24/11/2015
825,Sr. Nathan Peixoto,2500.0,Departamento Pessoal,12/08/1972,06/06/2015
826,Jo�o Vitor Silveira,2500.0,Marketing,01/04/1980,27/08/2023
827,Dr. Jo�o Gabriel Arag�o,2500.0,Marketing,18/02/1992,25/06/2022
828,Henrique da Costa,8000.0,Departamento Pessoal,19/05/1977,20/02/2024
829,Srta. Sofia Porto,8000.0,Departamento Pessoal,03/09/1980,19/03/2023
830,Evelyn Duarte,1800.0,Marketing,24/05/2000,17/11/2014
831,Stephany Silva,2500.0,Departamento Pessoal,07/10/1966,17/11/2019
832,Heitor da Mota,1400.0,TECH,02/02/1996,28/04/2023
833,Jo�o Felipe Nunes,5000.0,TECH,04/07/1992,22/08/2016
834,Carolina da Concei��o,8000.0,TECH,12/09/1964,24/01/2016
835,Ant�nio Campos,1400.0,Marketing,28/11/1961,16/06/2019
836,Evelyn Novaes,8000.0,Marketing,12/06/2003,20/04/2015
837,Vitor Cavalcanti,10000.0,Recursos Humanos,24/01/2004,04/08/2015
838,Daniel Pires,1400.0,Recursos Humanos,22/12/1972,31/12/2020
839,Samuel Pires,10000.0,TECH,11/07/1976,04/01/2020
840,Thomas Costa,5000.0,Recursos Humanos,04/11/1968,24/11/2021
841,Maysa Jesus,2500.0,Finaceiro,16/08/1975,04/06/2022
842,Rafael Cardoso,8000.0,Departamento Pessoal,11/11/2002,29/01/2018
843,Samuel Pereira,2500.0,TECH,22/10/1974,19/10/2019
844,Sr. Paulo Ramos,10000.0,Marketing,29/01/2003,09/07/2021
845,Felipe Ferreira,2500.0,Departamento Pessoal,06/04/1965,11/07/2014
846,Jo�o Pires,1800.0,Marketing,07/01/1983,12/12/2014
847,Nicolas Ribeiro,10000.0,TECH,16/11/1968,16/09/2015
848,Lucca Almeida,1800.0,TECH,17/05/1974,10/01/2019
849,Larissa Fernandes,8000.0,Departamento Pessoal,03/08/1970,27/01/2024
850,Bryan Silva,3300.0,Departamento Pessoal,23/07/1964,02/01/2020
851,Lara Foga�a,8000.0,Recursos Humanos,05/05/2000,14/11/2019
852,Dra. Luna Cardoso,3300.0,Recursos Humanos,03/02/1972,25/05/2021
853,Laura Farias,8000.0,Marketing,17/06/1961,02/03/2023
854,Alexia Teixeira,3300.0,Departamento Pessoal,11/05/1990,06/08/2023
855,Yuri Sales,5000.0,Departamento Pessoal,22/12/1986,22/10/2014
856,Sra. Gabriela Costa,1400.0,Departamento Pessoal,17/06/1984,24/06/2019
857,Esther Almeida,3300.0,Marketing,03/04/1996,26/10/2020
858,Enrico Costela,10000.0,Finaceiro,06/01/1963,08/11/2022
859,Camila da Paz,8000.0,TECH,12/12/1995,04/03/2023
860,Anthony Barbosa,3300.0,Marketing,22/05/2001,03/07/2023
861,Dr. Renan Ara�jo,3300.0,Recursos Humanos,20/02/1978,22/02/2019
862,Sra. Juliana Pires,1400.0,Departamento Pessoal,21/04/2005,11/10/2022
863,Jo�o Gabriel Costa,5000.0,Finaceiro,12/10/1991,29/04/2018
864,Pietro Cunha,5000.0,Marketing,16/06/1984,19/08/2021
865,Isis Pereira,2500.0,Finaceiro,06/03/1988,25/07/2017
866,Luigi Cardoso,1800.0,Finaceiro,19/05/2003,04/07/2015
867,Nina Castro,8000.0,TECH,28/07/1980,27/11/2020
868,Heitor Rodrigues,3300.0,Finaceiro,25/11/1972,05/02/2022
869,Sr. Caio Rocha,2500.0,Departamento Pessoal,28/07/1986,03/09/2015
870,Yuri da Paz,1800.0,Departamento Pessoal,22/06/1972,29/11/2014
871,Davi Mendes,1800.0,Finaceiro,07/05/1974,25/05/2021
872,Ana Carolina Nogueira,2500.0,Marketing,19/04/1963,04/09/2016
873,Kevin Nascimento,5000.0,TECH,10/03/1988,27/06/2017
874,Clarice Rocha,5000.0,Recursos Humanos,21/01/1960,26/12/2015
875,Jo�o Lucas Pereira,1800.0,Finaceiro,20/11/1988,01/07/2023
876,Pedro Henrique Arag�o,1800.0,Recursos Humanos,15/03/1973,05/09/2019
877,Kevin Teixeira,8000.0,Departamento Pessoal,23/10/1998,22/02/2021
878,Nicole Porto,1800.0,Departamento Pessoal,05/08/1974,07/10/2016
879,Catarina da Rocha,5000.0,TECH,19/08/2002,09/03/2021
880,Mariane da Rosa,10000.0,Marketing,28/06/1982,07/05/2018
881,Cau� Porto,1400.0,TECH,05/09/1962,29/12/2019
882,Matheus Silveira,1800.0,Recursos Humanos,07/12/1981,05/07/2020
883,Ian Monteiro,1800.0,Marketing,03/05/1983,09/10/2015
884,Gustavo Henrique Barbosa,5000.0,Recursos Humanos,05/12/2003,28/04/2023
885,Lucas Gabriel Moreira,1800.0,Departamento Pessoal,28/03/1967,30/01/2022
886,Jo�o Lucas Caldeira,5000.0,Marketing,18/05/1975,28/09/2014
887,Davi Rocha,10000.0,Recursos Humanos,08/03/1999,30/12/2019
888,Kamilly Cavalcanti,3300.0,TECH,04/10/1994,28/05/2018
889,Pedro Miguel Nascimento,2500.0,TECH,25/07/1988,27/09/2018
890,Clarice Arag�o,10000.0,Departamento Pessoal,13/11/1987,06/09/2018
891,Rodrigo Peixoto,10000.0,Departamento Pessoal,19/02/1988,18/07/2014
892,Dra. Ana da Paz,2500.0,TECH,17/08/1970,26/11/2021
893,Luiz Miguel Costela,3300.0,Marketing,13/05/2004,01/11/2015
894,Carolina Oliveira,1800.0,Recursos Humanos,03/11/1962,02/02/2016
895,Isis Monteiro,8000.0,Recursos Humanos,12/01/2001,03/05/2016
896,Gabriela da Rosa,3300.0,Finaceiro,22/11/1970,05/01/2016
897,Mariane Castro,10000.0,Departamento Pessoal,15/04/1993,27/03/2016
898,Juliana Jesus,3300.0,Recursos Humanos,28/07/1996,02/11/2019
899,Fernanda Barros,1800.0,Finaceiro,11/06/1985,14/03/2020
900,Sr. Juan Freitas,3300.0,Marketing,05/09/1961,11/02/2015
901,Ian Moraes,1800.0,Recursos Humanos,22/04/2005,14/06/2017
902,Camila Almeida,2500.0,Recursos Humanos,26/12/1985,20/10/2020
903,Sabrina Vieira,2500.0,Recursos Humanos,16/02/1972,22/12/2022
904,Sra. Fernanda Silva,2500.0,Departamento Pessoal,06/03/1968,14/09/2019
905,Jo�o Lucas Ribeiro,5000.0,Finaceiro,02/12/1989,25/02/2023
906,Thomas Gon�alves,1800.0,TECH,18/08/1993,04/08/2015
907,Sr. Levi Silveira,8000.0,TECH,27/01/1988,26/10/2020
908,Bruna Ramos,3300.0,TECH,15/11/1969,01/12/2016
909,Emilly Cavalcanti,8000.0,Departamento Pessoal,17/12/1968,17/08/2015
910,Isabel da Cunha,1400.0,TECH,01/02/1962,12/04/2015
911,Helena Farias,2500.0,Marketing,10/07/2001,04/05/2020
912,Thomas Rezende,1800.0,TECH,17/11/1978,02/10/2014
913,Dr. Ot�vio Porto,2500.0,Recursos Humanos,29/07/2004,14/05/2019
914,Vitor Hugo da Rosa,1800.0,Recursos Humanos,10/02/1998,27/08/2021
915,Bryan Pereira,5000.0,Marketing,08/04/1967,15/12/2020
916,Sra. Daniela Ribeiro,1400.0,Departamento Pessoal,02/11/1959,07/08/2014
917,Valentina Peixoto,10000.0,TECH,06/01/1959,13/11/2021
918,Eloah Melo,1800.0,Marketing,21/10/1999,14/12/2015
919,Bianca da Rocha,8000.0,Finaceiro,01/07/1980,15/01/2016
920,Vitor Gabriel Nogueira,10000.0,Finaceiro,17/09/1969,27/12/2014
921,Camila Moura,2500.0,Recursos Humanos,24/11/1994,15/11/2014
922,Dra. Bruna Rodrigues,8000.0,Marketing,02/02/1990,12/01/2016
923,Kaique Barbosa,8000.0,Marketing,20/10/1973,27/01/2022
924,Alexandre Lopes,8000.0,Marketing,09/11/1990,07/03/2017
925,Pietra Cavalcanti,1400.0,Recursos Humanos,16/10/1990,13/03/2021
926,Cec�lia Cavalcanti,1800.0,Marketing,04/03/1987,19/01/2022
927,Camila Nascimento,3300.0,Marketing,20/03/1984,26/09/2019
928,Ana Laura Cardoso,1400.0,Finaceiro,06/02/2006,21/08/2016
929,Nicole Moura,8000.0,Finaceiro,14/05/1970,30/05/2019
930,Vinicius Cardoso,2500.0,Departamento Pessoal,15/03/1980,26/07/2021
931,Eloah Gomes,5000.0,Marketing,27/08/1959,24/06/2021
932,Ryan Santos,5000.0,TECH,16/09/1965,07/09/2016
933,Srta. Cec�lia Cunha,5000.0,Recursos Humanos,09/11/2004,09/10/2016
934,Rafael da Mata,3300.0,Departamento Pessoal,09/05/1970,21/10/2018
935,Miguel Cardoso,2500.0,Marketing,12/06/1991,22/02/2016
936,Carlos Eduardo da Mota,1400.0,Departamento Pessoal,26/04/1991,20/12/2023
937,Let�cia Gon�alves,1400.0,Departamento Pessoal,18/07/1996,16/11/2014
938,Srta. Isabel Almeida,5000.0,TECH,25/01/1974,09/04/2014
939,Anthony Oliveira,8000.0,Departamento Pessoal,30/09/1989,25/01/2021
940,Jo�o Lucas Costela,1400.0,Recursos Humanos,19/02/1989,01/03/2019
941,Cec�lia Rezende,10000.0,TECH,28/01/1985,10/10/2023
942,Enzo Gon�alves,2500.0,Marketing,25/07/1995,29/06/2016
943,Maysa Campos,1800.0,Departamento Pessoal,22/03/1969,12/07/2023
944,Brenda Correia,3300.0,Finaceiro,20/02/1967,03/02/2018
945,Ana Carolina Nunes,10000.0,Marketing,23/09/1962,06/04/2023
946,Francisco das Neves,3300.0,Departamento Pessoal,12/10/1976,02/08/2018
947,Sr. Luigi Nogueira,2500.0,Departamento Pessoal,20/08/1993,03/12/2023
948,Srta. Sabrina Novaes,2500.0,Departamento Pessoal,25/01/1987,12/12/2014
949,Diego Silveira,8000.0,Departamento Pessoal,29/09/1987,01/04/2019
950,Thomas Correia,1400.0,TECH,08/10/1998,26/08/2022
951,Amanda da Mata,10000.0,TECH,20/03/1988,10/06/2022
952,Melissa Freitas,2500.0,Departamento Pessoal,16/09/1961,13/12/2017
953,Eduarda Pires,1800.0,TECH,17/01/2006,26/01/2017
954,Noah Oliveira,2500.0,Recursos Humanos,19/09/1958,08/09/2021
955,Catarina Rodrigues,10000.0,Marketing,20/08/1971,04/11/2018
956,Luiz Fernando da Concei��o,2500.0,Finaceiro,05/02/1986,18/09/2021
957,Sr. Murilo Nunes,2500.0,Departamento Pessoal,31/08/2003,19/08/2023
958,Marina Carvalho,5000.0,Finaceiro,11/11/1995,07/05/2014
959,Marcela Ferreira,2500.0,Recursos Humanos,17/10/1960,09/08/2015
960,Enzo Silva,1800.0,Recursos Humanos,12/07/1972,19/07/2019
961,Lorenzo Moura,5000.0,Departamento Pessoal,08/07/1968,01/06/2023
962,Sophia Martins,5000.0,TECH,11/01/1998,07/12/2022
963,Felipe Jesus,1800.0,Finaceiro,09/05/1962,07/12/2016
964,Thomas Nunes,3300.0,Departamento Pessoal,16/02/1995,14/07/2017
965,Sabrina Martins,1800.0,TECH,07/01/1975,20/08/2020
966,Kevin da Cunha,8000.0,Marketing,23/11/1967,17/01/2023
967,Bernardo da Mata,1400.0,TECH,21/11/1984,22/05/2014
968,Lucca da Luz,10000.0,Marketing,03/07/2000,23/08/2023
969,Dra. Giovanna Ribeiro,1400.0,TECH,27/03/1973,28/04/2019
970,Yasmin Lima,1400.0,Finaceiro,29/05/1981,26/08/2020
971,Nicolas Castro,5000.0,Finaceiro,07/11/1983,14/02/2020
972,Dra. Ana Julia Castro,10000.0,Finaceiro,13/04/1964,08/06/2019
973,Davi Luiz Silva,2500.0,Recursos Humanos,26/09/1969,06/05/2023
974,Dr. Arthur Farias,1800.0,Recursos Humanos,21/07/1998,08/07/2018
975,Levi Caldeira,5000.0,Finaceiro,04/01/1959,20/01/2022
976,Ana L�via Nunes,2500.0,Departamento Pessoal,12/04/1961,06/03/2015
977,Fernando Freitas,10000.0,Departamento Pessoal,03/03/1997,01/02/2020
978,Ana J�lia Cardoso,3300.0,Marketing,23/09/1981,20/07/2020
979,Dr. Anthony Lopes,2500.0,Recursos Humanos,26/03/1982,26/06/2021
980,Isabella Correia,1400.0,Marketing,26/07/1975,25/07/2023
981,Gustavo Henrique Caldeira,1800.0,Recursos Humanos,09/03/1985,09/02/2017
982,Nathan da Costa,1400.0,Departamento Pessoal,10/04/1973,28/12/2018
983,Joaquim Cardoso,2500.0,Marketing,20/10/1990,16/03/2017
984,Daniel Dias,3300.0,Recursos Humanos,21/08/2001,21/12/2014
985,Vicente Ferreira,8000.0,Marketing,29/04/1958,14/11/2018
986,Vicente da Luz,10000.0,Departamento Pessoal,27/04/1982,07/04/2020
987,Emanuella Oliveira,3300.0,TECH,08/07/1994,13/10/2014
988,Igor Dias,8000.0,Finaceiro,16/07/1999,21/07/2018
989,Fernanda Jesus,2500.0,TECH,20/08/1961,24/11/2023
990,Ana J�lia Farias,1400.0,Departamento Pessoal,10/02/1977,21/05/2022
991,Sr. Vinicius Jesus,10000.0,TECH,29/12/1966,06/12/2016
992,Nathan Correia,8000.0,Recursos Humanos,26/10/1986,14/07/2021
993,Maria Souza,10000.0,Departamento Pessoal,10/04/1995,11/12/2020
994,Danilo da Costa,1400.0,Marketing,09/09/1976,19/11/2022
995,Fernando Ramos,1800.0,Departamento Pessoal,21/08/1982,28/06/2023
996,Sra. Raquel Silva,5000.0,Finaceiro,12/01/1974,08/07/2021
997,Mariana Farias,1800.0,Departamento Pessoal,07/10/1977,28/04/2022
998,Dra. Nicole Caldeira,8000.0,Marketing,06/08/2004,03/08/2022
999,Murilo Rezende,10000.0,Recursos Humanos,28/10/1958,03/04/2021
1000,Maria Sophia Ribeiro,8000.0,Departamento Pessoal,16/02/2003,25/08/2014
